"salesorder_no";"productid";"quantity";"listprice";"product_no";"productname"
"SO1";4;"10.000";"450.000";"PRO1";"LINKSYS ADSL ROUTER"
"SO2";89;"1.000";"8250.000";"PRO3";"MITEL 3300 CXI - 16  Controller Main Telephone sys"
"SO2";92;"4.000";"337.500";"PRO5";"MITEL 3300 CXI - IP Desk top License / Wireless li"
"SO2";91;"1.000";"3937.500";"PRO4";"MITEL Software Package - with Digital Link License"
"SO2";93;"5.000";"772.500";"PRO6";"MITEL- 5212 IP Phone Dual Port Dark Grey"
"SO2";95;"2.000";"1095.000";"PRO7";"MITEL- 5224 IP Phone Dual Port Dark Grey"
"SO2";99;"1.000";"1530.000";"PRO8";"MITEL- Mitel IP Programmable Key Modules 12 and 48"
"SO2";109;"1.000";"3000.000";"PRO9";"TI-System Installation"
"SO2";110;"1.000";"3100.000";"PRO10";"MITEL - BRI Module"
"SO3";89;"1.000";"8250.000";"PRO3";"MITEL 3300 CXI - 16  Controller Main Telephone sys"
"SO3";92;"4.000";"337.500";"PRO5";"MITEL 3300 CXI - IP Desk top License / Wireless li"
"SO3";91;"1.000";"3937.500";"PRO4";"MITEL Software Package - with Digital Link License"
"SO3";93;"5.000";"772.500";"PRO6";"MITEL- 5212 IP Phone Dual Port Dark Grey"
"SO3";95;"2.000";"1095.000";"PRO7";"MITEL- 5224 IP Phone Dual Port Dark Grey"
"SO3";99;"1.000";"1530.000";"PRO8";"MITEL- Mitel IP Programmable Key Modules 12 and 48"
"SO3";109;"1.000";"3000.000";"PRO9";"TI-System Installation"
"SO3";110;"1.000";"3100.000";"PRO10";"MITEL - BRI Module"
"SO4";89;"1.000";"8250.000";"PRO3";"MITEL 3300 CXI - 16  Controller Main Telephone sys"
"SO4";92;"4.000";"337.500";"PRO5";"MITEL 3300 CXI - IP Desk top License / Wireless li"
"SO4";91;"1.000";"3937.500";"PRO4";"MITEL Software Package - with Digital Link License"
"SO4";93;"5.000";"772.500";"PRO6";"MITEL- 5212 IP Phone Dual Port Dark Grey"
"SO4";95;"2.000";"1095.000";"PRO7";"MITEL- 5224 IP Phone Dual Port Dark Grey"
"SO4";99;"1.000";"1530.000";"PRO8";"MITEL- Mitel IP Programmable Key Modules 12 and 48"
"SO4";109;"1.000";"3000.000";"PRO9";"TI-System Installation"
"SO4";110;"1.000";"3100.000";"PRO10";"MITEL - BRI Module"
"SO5";112;"1.000";"27900.000";"PRO11";"Website Design and Development"
"SO5";114;"1.000";"10500.000";"PRO13";"Website CMS Training"
"SO6";89;"1.000";"8250.000";"PRO3";"MITEL 3300 CXI - 16  Controller Main Telephone sys"
"SO6";92;"4.000";"337.500";"PRO5";"MITEL 3300 CXI - IP Desk top License / Wireless li"
"SO6";91;"1.000";"3937.500";"PRO4";"MITEL Software Package - with Digital Link License"
"SO6";93;"5.000";"772.500";"PRO6";"MITEL- 5212 IP Phone Dual Port Dark Grey"
"SO6";95;"2.000";"1095.000";"PRO7";"MITEL- 5224 IP Phone Dual Port Dark Grey"
"SO6";99;"1.000";"1530.000";"PRO8";"MITEL- Mitel IP Programmable Key Modules 12 and 48"
"SO6";109;"1.000";"3000.000";"PRO9";"TI-System Installation"
"SO6";110;"1.000";"3100.000";"PRO10";"MITEL - BRI Module"
"SO7";1965;"1.000";"5430.000";"PRO1347";"HP ML 350 Tower-Processor upgrade - 1 x Intel Quad"
"SO7";1966;"1.000";"1400.000";"PRO1348";"HP - Memory - 2 GB ( 2 x 1 GB ) - FB-DIMM 240-pin "
"SO7";1968;"1.000";"750.000";"PRO1349";"HP - Hard drive - 160 GB - hot-swap - 3.5"" - SATA-"
"SO7";1969;"1.000";"420.000";"PRO1350";"HP - Disk drive - DVD-ROM - 16x - Serial ATA - int"
"SO7";2069;"1.000";"2400.000";"PRO1405";"Network Rack 27U 600X800"
"SO7";2074;"1.000";"2250.000";"PRO1406";"HP StorageWorks DAT 72 Internal Drive"
"SO7";2181;"1.000";"2560.000";"PRO1410";"APC Smart-UPS 1500VA USB & Serial 230V"
"SO8";1995;"32.000";"200.000";"PRO1361";"Cable tracing, termination, labelling and testing."
"SO8";2246;"2.000";"280.000";"PRO1413";"CAT6 24 Port Patch Panel"
"SO9";2286;"1.000";"17300.000";"PRO1426";"NORTEL-Business Communications Manager 50"
"SO9";2287;"7.000";"750.000";"PRO1427";"NORTEL-T7316 Telephone Charcoal Executive with Dis"
"SO9";109;"1.000";"5000.000";"PRO9";"TI-System Installation"
"SO9";4656;"1.000";"1500.000";"PRO1657";"T7316E"
"SO10";2304;"1.000";"1500.000";"PRO1433";"Coordination and installation fees"
"SO10";109;"1.000";"1500.000";"PRO9";"TI-System Installation"
"SO10";5145;"2.000";"150.000";"PRO1847";"Patch Panel Cat5"
"SO10";5144;"30.000";"150.000";"PRO1846";"Cable termination, labeling and testing"
"SO10";2332;"1.000";"3200.000";"PRO1451";"Shifting and reconfiguring fees"
"SO10";2331;"1.000";"2500.000";"PRO1450";"Linksys Switch 24 Ports Gigabit – Managed"
"SO10";2330;"1.000";"3200.000";"PRO1449";"APC UPS 1500VA USB & Serial 230V"
"SO10";4956;"1.000";"2400.000";"PRO1739";"Network Rack 27U 600*1000"
"SO10";5089;"35.000";"12.000";"PRO1810";"Patch Cable CAT5"
"SO11";109;"1.000";"0.000";"PRO9";"TI-System Installation"
"SO11";2026;"6.000";"2250.000";"PRO1386";"HP DX2390/E7300 (C2D 2.66 3M)/MCR/4GB/160GB/DVDRW/"
"SO11";2028;"6.000";"850.000";"PRO1388";"HP L1908w Wide LCD Monitor"
"SO11";2299;"6.000";"575.000";"PRO1431";"WIN XP PROF SP3 ENGLISH 3PK"
"SO12";2313;"1.000";"27500.000";"PRO1439";"HP DesignJet T1100 44""Plotter"
"SO12";2354;"4.000";"270.000";"PRO1466";"HP 72130 ml Cyan Ink Cartridge with Vivera Ink(C93"
"SO12";2357;"4.000";"270.000";"PRO1469";"HP 72130 ml Grey Ink Cartridge with Vivera Ink(C93"
"SO12";2355;"4.000";"270.000";"PRO1467";"HP 72130 ml Magenta Ink Cartridge with Vivera Ink("
"SO12";2358;"4.000";"270.000";"PRO1470";"HP 72130 ml Matte Black Ink Cartridge with Vivera("
"SO12";2356;"4.000";"270.000";"PRO1468";"HP 72130 ml yellow Ink Cartridge with Vivera Inkr("
"SO13";109;"1.000";"500.000";"PRO9";"TI-System Installation"
"SO14";109;"1.000";"3500.000";"PRO9";"TI-System Installation"
"SO15";2359;"1.000";"22500.000";"PRO1471";"XEROX - WorkCentre 5225"
"SO15";2398;"2.000";"1950.000";"PRO1482";"XEROX - WorkCentre 5225-TONER"
"SO16";2359;"2.000";"12975.000";"PRO1471";"XEROX - WorkCentre 5225"
"SO16";2398;"4.000";"1000.000";"PRO1482";"XEROX - WorkCentre 5225-TONER"
"SO17";1995;"48.000";"200.000";"PRO1361";"Cable tracing, termination, labelling and testing."
"SO17";2246;"2.000";"200.000";"PRO1413";"CAT6 24 Port Patch Panel"
"SO17";2302;"1.000";"2500.000";"PRO1432";"Linksys 24-port 10/100 + 4-Port Gigabit Switch Web"
"SO18";2250;"6.000";"23360.000";"PRO1416";"HP DL380R05 X5450 4G Perf EU Svr"
"SO18";2023;"4.000";"1450.000";"PRO1383";"HP HDD 146GB 10K SAS 2.5"
"SO18";2339;"4.000";"450.000";"PRO1457";"HP 2GB FBD PC2-5300 2x1GB Kit"
"SO18";2265;"2.000";"11600.000";"PRO1424";"Win Svr Ent 2003 R2a Win32 English 1pk DSP1-8CPU 2"
"SO18";2254;"4.000";"2710.000";"PRO1420";"Windows Server 2003 R2 Standard Edition"
"SO18";2267;"2.000";"3010.000";"PRO1425";"SQL Svr Enterprise Edtn 2008 Sngl OLP NL"
"SO19";1998;"2.000";"190.000";"PRO1362";"512 MB Memory"
"SO20";2001;"1.000";"190.000";"PRO1363";"Power Supply 400 watts"
"SO21";2267;"1.000";"30100.000";"PRO1425";"SQL Svr Enterprise Edtn 2008 Sngl OLP NL"
"SO21";2989;"1.000";"110.000";"PRO1502";"SQL Svr Enterprise Edtn 2008 English Disk Kit MVL "
"SO21";3019;"5.000";"140.000";"PRO1507";"Windows Server CAL 2008 Sngl OLP NL User CAL"
"SO22";2993;"20.000";"2880.000";"PRO1503";"HP DX2390 / E7300 (C2D 2.66Ghz -3MB L2 Cache) / MC"
"SO23";3248;"1.000";"300.000";"PRO1589";"Linksys Broad band Router RJ45"
"SO23";3249;"3.000";"25.000";"PRO1590";"UPS Power Cable"
"SO24";3163;"1.000";"6000.000";"PRO1539";"MS Word 2003 Introduction"
"SO24";3166;"1.000";"6000.000";"PRO1542";"MS Word 2003 Intermediate"
"SO25";3168;"2.000";"6000.000";"PRO1544";"MS Excel 2003 Beginners"
"SO25";3169;"2.000";"6000.000";"PRO1545";"MS Excel 2003 Intermediate"
"SO26";2014;"80.000";"315.000";"PRO1374";"Both End Termination of data and voice points, tra"
"SO26";2015;"80.000";"21.000";"PRO1375";"Patch Cord CAT6 - 3M"
"SO26";2016;"80.000";"16.800";"PRO1376";"Patch Cord CAT6 - 2M"
"SO26";2017;"4.000";"157.500";"PRO1377";"Cable Organizer - Brush Panel"
"SO26";2018;"4.000";"262.500";"PRO1378";"Patch Panel CAT6 - 24 Ports"
"SO26";2019;"1.000";"577.500";"PRO1379";"Linksys dual band N Router"
"SO26";2020;"1.000";"3570.000";"PRO1380";"Bufallo Link Station Pro 1T.B   SATA  Based Networ"
"SO26";2021;"1.000";"4200.000";"PRO1381";"Network Rack 42U 800*1000"
"SO26";1640;"4.000";"7875.000";"PRO1026";"Cisco 24 10/100 (24PoE)"
"SO26";2042;"4.000";"5355.000";"PRO1401";"AIR-AP1231G-E-K9"
"SO26";2022;"1.000";"13990.000";"PRO1382";"416561-421 HP Server ProLiant Rack ProLiant DL360 "
"SO26";2023;"2.000";"1800.000";"PRO1383";"HP HDD 146GB 10K SAS 2.5"
"SO26";2024;"1.000";"687.000";"PRO1384";"397409-B21 HP 1GB FBD PC2-5300 2x512kit"
"SO26";2025;"1.000";"988.000";"PRO1385";"399771-B21 HP RPS 350/370/380G5/385G2 Kit"
"SO26";2026;"3.000";"4430.000";"PRO1386";"HP DX2390/E7300 (C2D 2.66 3M)/MCR/4GB/160GB/DVDRW/"
"SO26";2027;"3.000";"1400.000";"PRO1387";"HP LCD 22”"
"SO26";2029;"3.000";"2960.000";"PRO1389";"HP DX2290 (2.4Ghz), 1GB Ram, 160GB"
"SO26";2028;"3.000";"1000.000";"PRO1388";"HP L1908w Wide LCD Monitor"
"SO26";2030;"5.000";"210.000";"PRO1390";"UPS 500VA for Desktop Clients – China Made"
"SO26";2031;"2.000";"1800.000";"PRO1391";"HP 2015N A4 Printer with Network Support"
"SO26";2032;"6.000";"1400.000";"PRO1392";"HP 2015N TONER SET"
"SO26";2033;"1.000";"1500.000";"PRO1393";"HP Office Jet K 7103 A3 Printer"
"SO26";2034;"1.000";"8800.000";"PRO1394";"XEROX FAX Machine M20I"
"SO26";2035;"1.000";"48000.000";"PRO1395";"Work Centre 7242-Multiple Trays With Network Scann"
"SO26";2036;"1.000";"88000.000";"PRO1396";"Work Centre 7345-Multiple Trays With Network Scann"
"SO26";2037;"1.000";"51200.000";"PRO1397";"Avaya S8300/G700-Telecommunication Converged Solut"
"SO26";2038;"1.000";"23000.000";"PRO1398";"Avaya S8300/G700-Avaya Wireless Voice Priority Pro"
"SO26";2039;"60.000";"1960.000";"PRO1399";"9630 IP Phones"
"SO26";2040;"1.000";"20000.000";"PRO1400";"AVAYA-Installation, testing, commissioning & train"
"SO27";3755;"1.000";"240.000";"PRO1616";"Linksys Wireless ADSL Router"
"SO27";3756;"1.000";"65.000";"PRO1617";"Fax Modem"
"SO27";3757;"1.000";"20.000";"PRO1618";"Internal LAN Card"
"SO27";3758;"1.000";"30.000";"PRO1619";"Power Extension"
"SO28";3834;"1.000";"5800.000";"PRO1624";"HP Pav DV5-1299 Laptop"
"SO29";109;"2.000";"300.000";"PRO9";"TI-System Installation"
"SO29";3755;"1.000";"360.000";"PRO1616";"Linksys Wireless ADSL Router"
"SO30";4017;"2.000";"6694.000";"PRO1632";"HP EliteBook 8530p Core 2 Duo T9400 (2.53 Ghz, 6MB"
"SO31";3196;"1.000";"120000.000";"PRO1551";"Service Level Agreement-Primo"
"SO32";3229;"100.000";"145.000";"PRO1575";"Trend Micro - Corporate License"
"SO33";4657;"1.000";"17434.000";"PRO1658";"Ford Mondeo 62612"
"SO34";4683;"1.000";"750.000";"PRO1660";"Business Cards_Zemindset"
"SO35";3169;"2.000";"6000.000";"PRO1545";"MS Excel 2003 Intermediate"
"SO36";4651;"1.000";"15000.000";"PRO1654";"BSD-INTELLECT-SST"
"SO36";4593;"1.000";"3000.000";"PRO1651";"BSD-IMPLEMENTATION FEES"
"SO37";121;"1.000";"2310.000";"PRO16";"IPO  IPO500 CONTROL UNIT- - (The main control unit"
"SO37";2003;"2.000";"224.000";"PRO1364";"IPO 500 RACK MOUNTING KIT"
"SO37";2004;"1.000";"70.000";"PRO1365";"IPO 5OO FEAT KEY MUL"
"SO37";2005;"1.000";"3290.000";"PRO1366";"IPO STD TO PRO UPGRADE"
"SO37";2006;"1.000";"2800.000";"PRO1367";"IPO IP500 VCM 32 CARD"
"SO37";2007;"1.000";"7560.000";"PRO1368";"IPO IP 500 TRNK ANLG EXP 16 UNIT"
"SO37";2008;"1.000";"70.000";"PRO1369";"IPO IP500 POWER LEAD EATHERED UK"
"SO37";2009;"1.000";"6650.000";"PRO1370";"IPO LIC VM PRO RFA LIC:DS"
"SO37";2010;"1.000";"8750.000";"PRO1371";"IPO LIC VM PRO RFA LIC 04 CHNL"
"SO37";2011;"1.000";"5110.000";"PRO1372";"IPO IP500 LIC CONTACT STORE"
"SO37";2012;"1.000";"7000.000";"PRO1373";"IPO - SERVICE CHARGES FOR PABX"
"SO38";2250;"6.000";"23360.000";"PRO1416";"HP DL380R05 X5450 4G Perf EU Svr"
"SO38";2023;"4.000";"1450.000";"PRO1383";"HP HDD 146GB 10K SAS 2.5"
"SO38";2339;"4.000";"450.000";"PRO1457";"HP 2GB FBD PC2-5300 2x1GB Kit"
"SO38";2265;"2.000";"11600.000";"PRO1424";"Win Svr Ent 2003 R2a Win32 English 1pk DSP1-8CPU 2"
"SO38";2254;"4.000";"2710.000";"PRO1420";"Windows Server 2003 R2 Standard Edition"
"SO38";2267;"1.000";"30100.000";"PRO1425";"SQL Svr Enterprise Edtn 2008 Sngl OLP NL"
"SO39";4733;"1.000";"925.000";"PRO1669";"UPS 1150VA"
"SO39";4729;"2.000";"410.000";"PRO1665";"IBM 1 GB PC3200 CL.3 ECC DDR"
"SO39";4730;"2.000";"315.000";"PRO1666";"1 GB KIT (2x512 MB RDIMM)"
"SO40";4729;"2.000";"460.000";"PRO1665";"IBM 1 GB PC3200 CL.3 ECC DDR"
"SO40";4730;"2.000";"350.000";"PRO1666";"1 GB KIT (2x512 MB RDIMM)"
"SO41";4733;"1.000";"1000.000";"PRO1669";"UPS 1150VA"
"SO42";4134;"1.000";"2880.000";"PRO1649";"Cisco 837‐K9‐64 with ADSL"
"SO42";109;"1.000";"2000.000";"PRO9";"TI-System Installation"
"SO43";4706;"1.000";"490.000";"PRO1662";"Panasonic Fax Machine_FP 701"
"SO44";4933;"2.000";"215.000";"PRO1733";"TRANSCEND Brand,2GB DDR2 RAM"
"SO45";4933;"2.000";"215.000";"PRO1733";"TRANSCEND Brand,2GB DDR2 RAM"
"SO46";4895;"1.000";"340.000";"PRO1728";"Linksys ADSL Router"
"SO47";3524;"1.000";"820.000";"PRO1597";"HP Single Ch U320 SCSI Host Bus Adapter"
"SO48";4720;"1.000";"11800.000";"PRO1663";"HP DL380G5 E5420"
"SO48";1980;"1.000";"880.000";"PRO1354";"HP - Memory - 2 GB ( 2 x 1 GB ) - FB-DIMM 240-pin "
"SO48";4876;"2.000";"1300.000";"PRO1715";"HP 146GB 10k 2.5 SAS HP SP HDD"
"SO49";4966;"1.000";"32500.000";"PRO1745";"XEROX 3040–A0 SIZE COPIER"
"SO50";5045;"3.000";"260.000";"PRO1788";"XEROX 3040 DEVELOPER"
"SO50";5046;"3.000";"1900.000";"PRO1789";"XEROX 3040 DRUM"
"SO50";5044;"3.000";"260.000";"PRO1787";"XEROX 3040 TONER"
"SO51";5097;"2.000";"1000.000";"PRO1811";"HP Officejet Pro K7103"
"SO52";2354;"3.000";"270.000";"PRO1466";"HP 72130 ml Cyan Ink Cartridge with Vivera Ink(C93"
"SO52";2357;"3.000";"270.000";"PRO1469";"HP 72130 ml Grey Ink Cartridge with Vivera Ink(C93"
"SO52";2355;"3.000";"270.000";"PRO1467";"HP 72130 ml Magenta Ink Cartridge with Vivera Ink("
"SO52";2358;"3.000";"270.000";"PRO1470";"HP 72130 ml Matte Black Ink Cartridge with Vivera("
"SO52";2356;"3.000";"270.000";"PRO1468";"HP 72130 ml yellow Ink Cartridge with Vivera Inkr("
"SO53";114;"1.000";"5000.000";"PRO13";"Website CMS Training"
"SO54";5151;"1.000";"40480.000";"PRO1849";"Neverfail for SQL"
"SO54";5152;"1.000";"40480.000";"PRO1850";"Neverfail for IIS"
"SO54";5153;"1.000";"16192.000";"PRO1851";"Neverfail Deployment"
"SO55";5060;"6.000";"100.000";"PRO1798";"HP DAT 72 data cartridge"
"SO56";3611;"1.000";"5754.340";"PRO1604";"HP LaserJet M3027"
"SO57";5193;"1.000";"550.000";"PRO1862";"BCM50-Installation and Programming of 3 addtl.line"
"SO57";5192;"3.000";"180.000";"PRO1861";"BCM50-Trunk Elect.Authorization License"
"SO58";5295;"1.000";"500.000";"PRO1905";"Service Charge-Server Cabinet Dismantling"
"SO59";4794;"1.000";"600.000";"PRO1690";"Shifting of server Rack"
"SO59";4789;"8.000";"300.000";"PRO1685";"100 pair DB with module"
"SO59";4790;"30.000";"35.000";"PRO1686";"5o pair cable"
"SO59";4792;"28.000";"60.000";"PRO1688";"Data and Voice outlet,restucturing,labelling,termi"
"SO59";4791;"63.000";"60.000";"PRO1687";"35 data& 28 Voice points,restucturing,labelling,te"
"SO59";4793;"1.000";"250.000";"PRO1689";"Direct line from etisalat"
"SO59";4788;"1.000";"600.000";"PRO1684";"Shifting of EPABX system"
"SO60";5323;"1.000";"140.000";"PRO1911";"1 GB DDR2 667 Mhz (Transcend)"
"SO61";5338;"1.000";"3450.000";"PRO1913";"HP COMPAQ business desktop dc5800 MT"
"SO61";5339;"3.000";"750.000";"PRO1914";"HP LCD 19""w Monitor"
"SO61";5340;"2.000";"90.000";"PRO1915";"HP Standard basic Keyboard"
"SO61";5341;"1.000";"70.000";"PRO1916";"USB Optical Mouse"
"SO62";5330;"1.000";"4350.000";"PRO1912";"Xerox WC 4118X fax, copier, printer, scanner"
"SO63";5355;"1.000";"450.000";"PRO1918";"Linksys Wireless-G PrintServer with Multifunction"
"SO64";5244;"3.000";"400.000";"PRO1881";"2GB-PC2-3200 CL3 ECC"
"SO65";2136;"20.000";"165.000";"PRO1409";"Kingston 1 GB DDR1"
"SO65";5359;"12.000";"120.000";"PRO1920";"Kingston 2 GB DDR2"
"SO65";109;"1.000";"250.000";"PRO9";"TI-System Installation"
"SO66";2136;"14.000";"165.000";"PRO1409";"Kingston 1 GB DDR1"
"SO66";5360;"3.000";"155.000";"PRO1921";"Kingston 512 MB SDRAM"
"SO66";109;"1.000";"250.000";"PRO9";"TI-System Installation"
"SO66";5359;"2.000";"120.000";"PRO1920";"Kingston 2 GB DDR2"
"SO67";5352;"1.000";"440.000";"PRO1917";"HP Deskjet Printer 6943"
"SO68";5389;"1.000";"515.000";"PRO1928";"HP LAserJet 1006"
"SO68";5391;"2.000";"30.000";"PRO1929";"Ribbon for Sticker Label Printing"
"SO68";5387;"4.000";"20.000";"PRO1926";"Sticker Label 38x25"
"SO69";5370;"10.000";"135.000";"PRO1922";"UPS 650 VA"
"SO70";5381;"1.000";"300.000";"PRO1924";"Servicce Charge_addtl.fax line from drop point to "
"SO71";5391;"2.000";"30.000";"PRO1929";"Ribbon for Sticker Label Printing"
"SO71";5387;"4.000";"20.000";"PRO1926";"Sticker Label 38x25"
"SO72";5444;"5.000";"265.000";"PRO1936";"HP LaserJet Black Print Cartridge(lj 1020)"
"SO72";5443;"2.000";"565.000";"PRO1935";"HP LaserJet Black Print Cartridge(lj 4250)"
"SO73";5352;"1.000";"440.000";"PRO1917";"HP Deskjet Printer 6943"
"SO74";109;"1.000";"4500.000";"PRO9";"TI-System Installation"
"SO75";3153;"2.000";"250.000";"PRO1536";"TI-System Installation and Configuration"
"SO76";3202;"35.000";"55.000";"PRO1554";"Trend Micro - OfficeScan Client Edition"
"SO77";5564;"3.000";"225.000";"PRO1943";"HP NX7400 power adapter"
"SO78";5593;"1.000";"169280.000";"PRO1953";"CERTIFIED SECURITY AUDIT"
"SO79";5569;"1.000";"375.000";"PRO1947";"Dell Latitude D620 battery"
"SO79";5567;"1.000";"375.000";"PRO1945";"Dell Latitude D630 battery"
"SO79";5574;"1.000";"360.000";"PRO1949";"Wireless-G Range Expander"
"SO80";3240;"5.000";"1472.000";"PRO1584";"TI-RESIDENT TAM"
"SO81";5553;"1.000";"5478.000";"PRO1939";"Managed Co-location"
"SO81";5554;"1.000";"14204.000";"PRO1940";"Managed Co-location"
"SO82";5644;"5.000";"4190.000";"PRO1959";"HP DV6-1215"
"SO82";2393;"50.000";"465.000";"PRO1480";"HP LCD MONITOR ""17 Multimedia"
"SO82";4881;"12.000";"525.000";"PRO1718";"WIN XP PROF SP3 ENGLISH"
"SO82";5640;"5.000";"1050.000";"PRO1958";"HP LaserJet M1319F"
"SO82";5650;"10.000";"960.000";"PRO1963";"HP LAserJet Printer P2055D"
"SO83";5659;"1.000";"250.000";"PRO1965";"ITC- Service Charge"
"SO84";4668;"1.000";"300000.000";"PRO1659";"BSD-DBA"
"SO85";5370;"20.000";"135.000";"PRO1922";"UPS 650 VA"
"SO86";5644;"10.000";"4190.000";"PRO1959";"HP DV6-1215"
"SO86";5650;"5.000";"960.000";"PRO1963";"HP LAserJet Printer P2055D"
"SO86";5681;"5.000";"1050.000";"PRO1973";"HP LaserJet M1319F"
"SO87";5352;"1.000";"440.000";"PRO1917";"HP Deskjet Printer 6943"
"SO88";5626;"1.000";"600.000";"PRO1955";"Reprogramming of Panasonic TDA100 phone System and"
"SO89";4668;"1.000";"260000.000";"PRO1659";"BSD-DBA"
"SO90";5719;"12.000";"55.000";"PRO1978";"Trend Micro-Worry-Free Business Security v6.x, Sta"
"SO90";5720;"4.000";"180.000";"PRO1979";"Trend Micro-Worry-Free Business Security v6.x, Sta"
"SO91";3816;"1.000";"300000.000";"PRO1621";"BSD-TECHNICAL ANALYST"
"SO92";5656;"1.000";"340000.000";"PRO1964";"BSD-J2EE CONSULTANT"
"SO93";3240;"1.000";"12000.000";"PRO1584";"TI-RESIDENT TAM"
"SO94";5724;"1.000";"350.000";"PRO1981";"Dlink 24 port switch (rack mounted)"
"SO94";5723;"2.000";"350.000";"PRO1980";"Panasonic Phone KX T7730"
"SO95";112;"1.000";"43500.000";"PRO11";"Website Design and Development"
"SO96";5424;"1.000";"790000.000";"PRO1932";"BPS-CONSULTATION"
"SO97";5853;"3.000";"240.000";"PRO1995";"SLA-DMC-A1"
"SO98";5791;"1.000";"220.000";"PRO1994";"2GB DDR2 RAM"
"SO99";5907;"1.000";"500.000";"PRO2003";"1TB WD External HDD 2.5 USB"
"SO100";5723;"1.000";"360.000";"PRO1980";"Panasonic Phone KX T7730"
"SO100";2015;"4.000";"30.000";"PRO1375";"Patch Cord CAT6 - 3M"
"SO101";5853;"12.000";"240.000";"PRO1995";"SLA-DMC-A1"
"SO102";5991;"1.000";"16000.000";"PRO2035";"C3845-ADVIPSERVICESK9-M"
"SO103";6002;"1.000";"6050.000";"PRO2038";"Latitude E6500 : Intel Core 2 Duo P8700(2.53GHz,10"
"SO104";112;"1.000";"40000.000";"PRO11";"Website Design and Development"
"SO105";4593;"1.000";"35000.000";"PRO1651";"BSD-IMPLEMENTATION FEES"
"SO106";6374;"1.000";"100.000";"PRO2081";"Power Supply 450 w"
"SO106";6373;"1.000";"250.000";"PRO2080";"Service charge for computer"
"SO107";5600;"24.000";"120.000";"PRO1954";"TI-Technical Assistance"
"SO108";4592;"1.000";"92850.000";"PRO1650";"BSD-INTELLECT-HD"
"SO108";4874;"1.000";"41900.000";"PRO1713";"HP DL580G5 E7330 2X3M 2P 4G EU Svr"
"SO108";3161;"1.000";"28710.000";"PRO1537";"Certified ITIL V3 Foundation"
"SO109";6270;"1.000";"35000.000";"PRO2075";"BSD-INTELLECT-RMS"
"SO110";5593;"1.000";"19000.000";"PRO1953";"CERTIFIED SECURITY AUDIT"
"SO111";5600;"6.000";"600.000";"PRO1954";"TI-Technical Assistance"
"SO112";3751;"2.000";"410.000";"PRO1614";"Motherboard replacement"
"SO113";1954;"2.000";"1950.000";"PRO1340";"Cisco11g AP, Int Radios"
"SO113";3229;"12.000";"160.000";"PRO1575";"Trend Micro - Corporate License"
"SO113";5600;"1.000";"3500.000";"PRO1954";"TI-Technical Assistance"
"SO113";4883;"12.000";"1420.000";"PRO1720";"Office STD 2007 Sngl OLP NL"
"SO113";2254;"1.000";"2620.000";"PRO1420";"Windows Server 2003 R2 Standard Edition"
"SO113";6463;"1.000";"4100.000";"PRO2088";"Xerox Phaser 6180MFP/D (4 in 1) MFP"
"SO114";6487;"1.000";"3400.000";"PRO2089";"MS SQL 2008 Standard Edition"
"SO114";6488;"15.000";"690.000";"PRO2090";"MS Sql CAL 2008 Sngl Olp Nl"
"SO115";6576;"1.000";"19600.000";"PRO2099";"SCA COMPLIANCY EXTERNAL AUDIT"
"SO116";6576;"1.000";"38240.000";"PRO2099";"SCA COMPLIANCY EXTERNAL AUDIT"
"SO117";6835;"1.000";"300.000";"PRO2109";"TP-LINK ADSL2+ Router"
"SO117";5370;"40.000";"135.000";"PRO1922";"UPS 650 VA"
"SO118";6808;"1.000";"210.000";"PRO2108";"LG Internal CD/DVD Multiwriter"
"SO119";6205;"10.000";"170.000";"PRO2059";"Trend Micro-Worry-Free Business Security v6.x, Sta"
"SO120";3229;"12.000";"160.000";"PRO1575";"Trend Micro - Corporate License"
"SO121";6848;"1.000";"2650.000";"PRO2111";"CISCO Firewall For Web Server"
"SO121";6849;"1.000";"242.880";"PRO2112";"SMART net Onsite 8x5xNBD"
"SO121";5969;"1.000";"10400.000";"PRO2014";"HP DL380 G6 E5520 Base EU Svr - 2U - Intel QC 2.26"
"SO121";6857;"5.000";"1300.000";"PRO2115";"HP 72GB 3G SAS 15K SFF DP ENT HDD"
"SO121";6896;"1.000";"950.000";"PRO2118";"HP 4GB 2Rx4 PC3-10600R-9 Kit"
"SO121";5976;"1.000";"2600.000";"PRO2021";"WinSvrStd 2008R2 SNGL OLP NL"
"SO121";2455;"1.000";"100.000";"PRO1492";"Windows Svr Std 2003 R2"
"SO122";6848;"1.000";"2650.000";"PRO2111";"CISCO Firewall For Web Server"
"SO122";6849;"1.000";"242.880";"PRO2112";"SMART net Onsite 8x5xNBD"
"SO122";5969;"1.000";"10400.000";"PRO2014";"HP DL380 G6 E5520 Base EU Svr - 2U - Intel QC 2.26"
"SO122";6857;"5.000";"1300.000";"PRO2115";"HP 72GB 3G SAS 15K SFF DP ENT HDD"
"SO122";6896;"1.000";"950.000";"PRO2118";"HP 4GB 2Rx4 PC3-10600R-9 Kit"
"SO122";5976;"1.000";"2600.000";"PRO2021";"WinSvrStd 2008R2 SNGL OLP NL"
"SO122";2455;"1.000";"100.000";"PRO1492";"Windows Svr Std 2003 R2"
"SO123";3240;"1.000";"120000.000";"PRO1584";"TI-RESIDENT TAM"
"SO124";5600;"1.000";"500.000";"PRO1954";"TI-Technical Assistance"
"SO125";7160;"1.000";"1200.000";"PRO2234";"ISNSC SSL CERTIFICATE"
"SO125";5424;"1.000";"700.000";"PRO1932";"BPS-CONSULTATION"
"SO126";7041;"2.000";"12500.000";"PRO2175";"ASA 5510 Security"
"SO126";7039;"2.000";"390.000";"PRO2173";"V.35 Cable, DTE Male to Smart Serial, 10 Feet"
"SO126";7038;"1.000";"2100.000";"PRO2172";"2-Port Serial WAN Interface Card"
"SO126";7037;"1.000";"11900.000";"PRO2171";"CISCO2821w/ AC PWR"
"SO126";7128;"1.000";"3200.000";"PRO2219";"SQLSvrStd 2008R2 SNGL OLP NL"
"SO126";7129;"2.000";"690.000";"PRO2220";"SQLCAL 2008R2 SNGL OLP NL UsrCAL"
"SO127";7167;"2.000";"850.000";"PRO2235";"HP NC360T PCIe Dp Gigabit Server Adapter"
"SO128";7042;"1.000";"18400.000";"PRO2176";"Oracle Real Application Cluster - Processor - Perp"
"SO129";7213;"1.000";"204000.000";"PRO2252";"BPS-SYSTEM ENGINEER"
"SO130";7128;"1.000";"2896.000";"PRO2219";"SQLSvrStd 2008R2 SNGL OLP NL"
"SO130";3019;"5.000";"94.040";"PRO1507";"Windows Server CAL 2008 Sngl OLP NL User CAL"
"SO130";6561;"1.000";"89.000";"PRO2091";"Media CD"
"SO131";7247;"1.000";"204000.000";"PRO2267";"BPS-J2EE"
"SO132";7323;"1.000";"9000.000";"PRO2292";"BPS-SQL&ORACLE BACKUP"
"SO133";5969;"1.000";"11000.000";"PRO2014";"HP DL380 G6 E5520 Base EU Svr - 2U - Intel QC 2.26"
"SO133";6857;"3.000";"1300.000";"PRO2115";"HP 72GB 3G SAS 15K SFF DP ENT HDD"
"SO133";6896;"1.000";"950.000";"PRO2118";"HP 4GB 2Rx4 PC3-10600R-9 Kit"
"SO133";4956;"1.000";"1750.000";"PRO1739";"Network Rack 27U 600*1000"
"SO133";3755;"2.000";"400.000";"PRO1616";"Linksys Wireless ADSL Router"
"SO133";3153;"1.000";"1000.000";"PRO1536";"TI-System Installation and Configuration"
"SO134";6572;"1.000";"10200.000";"PRO2096";"HP DL360 G6 E5504"
"SO134";6574;"1.000";"475.000";"PRO2098";"HP 2GB 2Rx8 PC3-10600E-9 Kit U-DIMM"
"SO134";6277;"3.000";"1300.000";"PRO2078";"HP 72GB 6G SAS 15K 2.5in DP ENT HDD"
"SO134";3755;"2.000";"400.000";"PRO1616";"Linksys Wireless ADSL Router"
"SO134";4956;"1.000";"1750.000";"PRO1739";"Network Rack 27U 600*1000"
"SO134";3153;"1.000";"1000.000";"PRO1536";"TI-System Installation and Configuration"
"SO135";114;"1.000";"1000.000";"PRO13";"Website CMS Training"
"SO136";5600;"1.000";"500.000";"PRO1954";"TI-Technical Assistance"
"SO137";5600;"1.000";"750.000";"PRO1954";"TI-Technical Assistance"
"SO138";6576;"1.000";"20000.000";"PRO2099";"SCA COMPLIANCY EXTERNAL AUDIT"
"SO138";5593;"1.000";"12610.000";"PRO1953";"CERTIFIED SECURITY AUDIT"
"SO138";8133;"1.000";"15000.000";"PRO2351";"Business Professional Services"
"SO139";1916;"1.000";"12000.000";"PRO1302";"ASA 5505 VPN Edition w/ 25 SSL Users, 50 Firewall "
"SO139";5969;"2.000";"14600.000";"PRO2014";"HP DL380 G6 E5520 Base EU Svr - 2U - Intel QC 2.26"
"SO139";6487;"1.000";"3700.000";"PRO2089";"MS SQL 2008 Standard Edition"
"SO140";5553;"1.000";"2000.000";"PRO1939";"Managed Co-location"
"SO140";6615;"3.000";"3312.000";"PRO2103";"Managed Co-location-1x Server"
"SO141";7213;"3.000";"11500.000";"PRO2252";"BPS-SYSTEM ENGINEER"
"SO142";8277;"16.000";"50.000";"PRO2373";"Trend Micro - Worry-Free Business Security v9"
"SO143";8146;"1.000";"21900.000";"PRO2355";"Nikon Camera D3S"
"SO143";8144;"1.000";"4250.000";"PRO2353";"Sony Vaio"
"SO143";5907;"1.000";"620.000";"PRO2003";"1TB WD External HDD 2.5 USB"
"SO143";8143;"1.000";"2890.000";"PRO2352";"Hitachi 42' LCD TV"
"SO143";8145;"1.000";"16000.000";"PRO2354";"Canon CamCorder"
"SO143";8150;"1.000";"6860.000";"PRO2357";"Fujitsu Fi-6140 VRS Pro Departmental Scanner"
"SO144";8352;"20.000";"130.000";"PRO2376";"Trend Micro-Worry-Free Business Security v7.x, Sta"
"SO145";8316;"2.000";"2250.000";"PRO2375";"500GB SAS hard drive - 7,200RPM, dual port, Small"
"SO146";8439;"5.000";"1450.000";"PRO2414";"HP B500"
"SO146";8469;"5.000";"470.000";"PRO2421";"LCD Monitor 18.5"
"SO147";8362;"1.000";"1650.000";"PRO2378";"Combination Card ATM-Avaya R6 V2"
"SO148";5323;"11.000";"15000.000";"PRO1911";"1 GB DDR2 667 Mhz (Transcend)"
"SO149";5424;"1.000";"15000.000";"PRO1932";"BPS-CONSULTATION"
"SO150";6256;"2.000";"138000.000";"PRO2069";"IT OUTSOURCING"
"SO151";5554;"1.000";"21000.000";"PRO1940";"Managed Co-location"
"SO152";8439;"2.000";"1450.000";"PRO2414";"HP B500"
"SO152";8469;"2.000";"470.000";"PRO2421";"LCD Monitor 18.5"
"SO153";8671;"1.000";"250000.000";"PRO2447";"BPS-Oracle System Admin"
"SO154";7213;"1.000";"204000.000";"PRO2252";"BPS-SYSTEM ENGINEER"
"SO155";8780;"1.000";"89862.600";"PRO2449";"Oracle Database Ent. Edt.Named user Perpetual"
"SO155";8781;"1.000";"20671.500";"PRO2450";"Oracle Database Ent. Edt–Named User"
"SO155";8789;"1.000";"1272.800";"PRO2457";"Internet Application Server Ent.Editon"
"SO155";8782;"1.000";"28940.100";"PRO2451";"Internet Developer Suite"
"SO155";8783;"1.000";"66149.000";"PRO2452";"Oracle Database Enterprise Edition"
"SO155";8784;"1.000";"64941.000";"PRO2453";"Internet Application Server"
"SO155";8785;"1.000";"45482.000";"PRO2454";"Real Application Clusters"
"SO155";8786;"1.000";"72681.000";"PRO2455";"Oracle Busn Intelligence Suite Ent. Edition Plus"
"SO156";8860;"1.000";"490.000";"PRO2478";"MicrosoftAccess 2010 32-bit/x64 English"
"SO157";8993;"1.000";"2000.000";"PRO2495";"Western Digital HDD 4TB"
"SO158";9085;"1.000";"14720.000";"PRO2505";"Neverfail Onsite Installation"
"SO158";9086;"3.000";"34960.000";"PRO2506";"Neverfail for Exchange"
"SO159";8860;"1.000";"490.000";"PRO2478";"MicrosoftAccess 2010 32-bit/x64 English"
"SO160";9112;"5.000";"165.000";"PRO2515";"EXT>Telephone cable termination testing and labeli"
"SO160";9113;"2.000";"160.000";"PRO2516";"Fax Telephone cable termination testing and labeli"
"SO160";9114;"1.000";"750.000";"PRO2517";"PABX system"
"SO160";9115;"1.000";"450.000";"PRO2518";"Etisalat cable lines tracing and testing including"
"SO161";9144;"1.000";"1790.000";"PRO2532";"Panasonic PABX System"
"SO162";9173;"1.000";"325.000";"PRO2538";"Panasonic Telephone"
"SO163";9095;"2.000";"6500.000";"PRO2508";"Checkpoint EM 2300"
"SO163";9096;"2000.000";"1.750";"PRO2509";"Clear 4strip Labels 10X50"
"SO163";9097;"1.000";"4420.000";"PRO2510";"Security label de activation unit (counter)"
"SO163";9098;"1.000";"3320.000";"PRO2511";"Security label re activation unit – counter"
"SO163";9099;"2.000";"4200.000";"PRO2512";"Mono Electronics Central Unit"
"SO163";7258;"1.000";"2500.000";"PRO2272";"Installation,Testing & comissioning"
"SO164";7213;"6.000";"3600.000";"PRO2252";"BPS-SYSTEM ENGINEER"
"SO164";9214;"5.000";"1800.000";"PRO2549";"BPS-SYSTEM ENGINEER"
"SO165";9218;"3.000";"10250.000";"PRO2550";"BPS-SYSTEM ENGINEER"
"SO166";9128;"13.000";"140.000";"PRO2524";"Data network cable"
"SO166";9137;"1.000";"450.000";"PRO2530";"DSL line connectivity from Etisalat router"
"SO166";9136;"4.000";"740.000";"PRO2529";"Connectivity between IDF1"
"SO166";9131;"1.000";"1475.000";"PRO2527";"Pvc trunking job with material and fixing."
"SO166";9129;"13.000";"7.000";"PRO2525";"Face plate  3*3 (JE/DATA COM)"
"SO166";9207;"4.000";"500.000";"PRO2548";"Projector Shifting and reinstallation"
"SO166";9130;"13.000";"13.000";"PRO2526";"Cat5e RJ 45 keystone jack. (JE/DATA COM)"
"SO166";9138;"1.000";"350.000";"PRO2531";"16port Data switch Dlink"
"SO167";9131;"1.000";"215.000";"PRO2527";"Pvc trunking job with material and fixing."
"SO167";9130;"3.000";"15.000";"PRO2526";"Cat5e RJ 45 keystone jack. (JE/DATA COM)"
"SO167";9129;"3.000";"10.000";"PRO2525";"Face plate  3*3 (JE/DATA COM)"
"SO167";9128;"3.000";"145.000";"PRO2524";"Data network cable"
"SO167";9132;"1.000";"750.000";"PRO2528";"Wirless acces point shifting and re installation"
"SO168";9169;"7.000";"400.000";"PRO2535";"Cat6 Data points including cat6 cable"
"SO168";9170;"1.000";"520.000";"PRO2536";"24 port data switch"
"SO168";9171;"1.000";"390.000";"PRO2537";"Dsl line connectivity from etisalat router"
"SO169";9338;"1.000";"500.000";"PRO2600";"Telephone network cable"
"SO169";9129;"1.000";"10.000";"PRO2525";"Face plate  3*3 (JE/DATA COM)"
"SO169";9130;"1.000";"15.000";"PRO2526";"Cat5e RJ 45 keystone jack. (JE/DATA COM)"
"SO169";9173;"1.000";"150.000";"PRO2538";"Panasonic Telephone"
"SO169";9131;"1.000";"175.000";"PRO2527";"Pvc trunking job with material and fixing."
"SO169";9144;"1.000";"650.000";"PRO2532";"Panasonic PABX System"
"SO170";9234;"1.000";"1600.000";"PRO2554";"Sony VPL e-series Data Projector"
"SO171";9309;"13.000";"1864.800";"PRO2580";"IP Fixed Mini Dome Camera, day/night"
"SO171";9310;"4.000";"3726.000";"PRO2581";"H.264 EQUIP Series 1/4 Progressive scan"
"SO171";9311;"4.000";"974.400";"PRO2582";"3-8mm F1.2 varifocal,CS,high definition/mpix"
"SO171";9312;"4.000";"535.200";"PRO2583";"15"" indoor/outdoor enclosure w/mount&sunshield"
"SO171";9313;"1.000";"36111.600";"PRO2584";"MAXPRO NVR SE,4tb removable HD"
"SO171";9314;"1.000";"900.000";"PRO2585";"21"" LCD Monitor(Samsung/LG)"
"SO172";9317;"1.000";"3222.000";"PRO2588";"WIN-PAK Access Control Software"
"SO172";9318;"1.000";"6581.000";"PRO2589";"PRO-2200 Network Kit"
"SO172";9319;"7.000";"1040.000";"PRO2590";"PRO-2200 Dual Reader Module"
"SO172";9320;"1.000";"4560.000";"PRO2591";"4G V Flex/Secugen Optical/HID Prox"
"SO172";9321;"13.000";"468.000";"PRO2592";"HID Proximity compatible mullion reader,wiegand ou"
"SO172";9322;"100.000";"28.000";"PRO2593";"125Khz Proximity card , ISO Glossy white"
"SO172";9323;"14.000";"48.000";"PRO2594";"SURFACE MNT CONT WH,HNYWL Logo"
"SO172";9324;"19.000";"96.000";"PRO2595";"Exit Button,flush stainless steel"
"SO172";9325;"14.000";"432.000";"PRO2596";"600lbs EM lock with LED(monitored)"
"SO172";9326;"14.000";"120.000";"PRO2597";"ZL Bracket"
"SO172";9327;"14.000";"108.000";"PRO2598";"Power Supply for Lock"
"SO172";9328;"8.000";"612.000";"PRO2599";"Cat6 Cables (305meter/roll)"
"SO172";9315;"1.000";"7666.000";"PRO2586";"Installation Services"
"SO172";9315;"1.000";"10000.000";"PRO2586";"Installation Services"
"SO173";9492;"1.000";"61900.000";"PRO2652";"BSD-INTELLECT-Eprocurement"
"SO173";9493;"1.000";"26550.000";"PRO2653";"ITC-PROFIT SHARE"
"SO174";2292;"1.000";"30.000";"PRO1428";"1U Brush Panel"
"SO174";9230;"9.000";"150.000";"PRO2551";"Cat6 Data network cable"
"SO174";9129;"9.000";"5.500";"PRO2525";"Face plate  3*3 (JE/DATA COM)"
"SO174";9231;"9.000";"10.500";"PRO2552";"Cat6 RJ 45 keystone jack"
"SO174";9131;"1.000";"800.000";"PRO2527";"Pvc trunking job with material and fixing."
"SO174";9170;"1.000";"250.000";"PRO2536";"24 port data switch"
"SO175";9612;"1.000";"38478.000";"PRO2681";"CryptoCard Black Shield Token"
"SO176";3083;"1.000";"1104.000";"PRO1514";"HP Scanjet 5590 Digital Flatbed Scanner +ADF"
"SO176";2019;"1.000";"449.000";"PRO1379";"Linksys dual band N Router"
"SO176";9684;"3.000";"1598.000";"PRO2691";"HP PRO 3400"
"SO176";9685;"3.000";"403.000";"PRO2692";"HP LED '18.5"
"SO176";9625;"1.000";"760.000";"PRO2682";"Panasonic PABX 3 lines 8 ext."
"SO176";9690;"1.000";"1000.000";"PRO2694";"HP printer  CP1525n"
"SO176";9114;"1.000";"1400.000";"PRO2517";"PABX system"
"SO176";5723;"3.000";"316.000";"PRO1980";"Panasonic Phone KX T7730"
"SO176";3153;"1.000";"1500.000";"PRO1536";"TI-System Installation and Configuration"
"SO176";2389;"1.000";"75.000";"PRO1476";"WIRELESS NETWORK CARD"
"SO176";3756;"1.000";"75.000";"PRO1617";"Fax Modem"
"SO177";9650;"1.000";"7360.000";"PRO2689";"Extended Validation MDC SSL"
"SO178";9124;"2.000";"1560.000";"PRO2521";"HP Pro 3300 Core i3"
"SO178";5723;"2.000";"316.000";"PRO1980";"Panasonic Phone KX T7730"
"SO178";9685;"1.000";"403.000";"PRO2692";"HP LED '18.5"
"SO178";9768;"1.000";"2130.000";"PRO2723";"HP ProBook 4530"
"SO179";7671;"1.000";"900.000";"PRO2322";"TI-Technical Assistance"
"SO179";4038;"1.000";"230.000";"PRO1635";"Panasonic Phone Service Charge"
"SO180";8277;"20.000";"60.000";"PRO2373";"Trend Micro - Worry-Free Business Security v9"
"SO181";9818;"2.000";"80.000";"PRO2726";"Dlink WIRELESS N USB ADAPTER"
"SO182";9939;"1.000";"360000.000";"PRO2746";"BPS-System Maintenance"
"SO183";9993;"1.000";"1750.000";"PRO2747";"IP CCTV System Viewer ~ Honeywell"
"SO183";9316;"1.000";"4500.000";"PRO2587";"Engineering Services"
"SO184";10028;"2.000";"6000.000";"PRO2758";"BPS-NETWORK ENGINEER"
"SO186";10028;"2.000";"6000.000";"PRO2758";"BPS-NETWORK ENGINEER"
"SO187";10073;"1.000";"20976.000";"PRO2760";"Neverfail Support Renewal"
"SO188";9218;"79.000";"500.000";"PRO2550";"BPS-SYSTEM ENGINEER"
"SO189";5424;"4.000";"28000.000";"PRO1932";"BPS-CONSULTATION"
"SO191";10166;"2.000";"6000.000";"PRO2772";"BPS-Network Engineer"
"SO192";10166;"6.000";"454.500";"PRO2772";"BPS-Network Engineer"
"SO192";10173;"6.000";"409.000";"PRO2773";"BPS-Support Engineer"
"SO193";10173;"1.000";"27000.000";"PRO2773";"BPS-Support Engineer"
"SO194";10196;"1.000";"17000.000";"PRO2774";"Neverfail WAN Smart"
"SO195";10208;"3.000";"1249.000";"PRO2777";"Lenovo B570E"
"SO196";9939;"1.000";"174000.000";"PRO2746";"BPS-System Maintenance"
"SO197";9939;"1.000";"174000.000";"PRO2746";"BPS-System Maintenance"
"SO198";9939;"1.000";"489000.000";"PRO2746";"BPS-System Maintenance"
"SO199";9939;"1.000";"234000.000";"PRO2746";"BPS-System Maintenance"
"SO200";9939;"1.000";"336000.000";"PRO2746";"BPS-System Maintenance"
"SO201";10437;"1.000";"212000.000";"PRO2804";"RentaCar Online Booking Portal"
"SO202";10478;"1.000";"13616.000";"PRO2807";"Wildcard SSL"
"SO202";10479;"1.000";"5995.000";"PRO2808";"Business‐validated certificate"
"SO202";10480;"1.000";"18600.000";"PRO2809";"WAVA"
"SO202";10481;"1.000";"14720.000";"PRO2810";"HS‐SS‐1Y"
"SO203";10717;"1.000";"4048.000";"PRO2824";"APC Smart-UPS 3000VA USB & Serial 230V"
"SO203";10718;"1.000";"10930.000";"PRO2825";"APC Smart-UPS RT 8000VA 230V"
"SO204";10850;"1.000";"5600.000";"PRO2827";"HP Proliant DL360e Gen8 E"
"SO204";10851;"1.000";"900.000";"PRO2828";"HP 8GB 2RX4 PC3L 10600R"
"SO204";10852;"2.000";"890.000";"PRO2829";"HP 1TB 6G SATA 7.2k 3.5in"
"SO204";10866;"1.000";"2520.000";"PRO2830";"Windows Svr Std 2008 R2"
"SO204";5600;"4.000";"900.000";"PRO1954";"TI-Technical Assistance"
"SO205";8352;"20.000";"60.000";"PRO2376";"Trend Micro-Worry-Free Business Security v7.x, Sta"
"SO206";11132;"1.000";"252000.000";"PRO2843";"Entry Service tools in addition to SAINT Scanner, "
"SO207";11132;"1.000";"252000.000";"PRO2843";"Entry Service tools in addition to SAINT Scanner, "
"SO208";112;"1.000";"8000.000";"PRO11";"Website Design and Development"
"SO209";11076;"1.000";"190000.000";"PRO2840";"SHAREPOINT"
"SO210";11076;"1.000";"190000.000";"PRO2840";"SHAREPOINT"
"SO211";4951;"150.000";"150.000";"PRO1736";"1 GB KIT (2x512 MB RDIMM)"
"SO212";8256;"2.000";"15500.000";"PRO2371";"HP DL360G7 SFF Svr E5620"
"SO212";11105;"1.000";"2900.000";"PRO2841";"27U Rack"
"SO212";7213;"1.000";"900.000";"PRO2252";"BPS-SYSTEM ENGINEER"
"SO212";11076;"1.000";"55000.000";"PRO2840";"SHAREPOINT"
"SO212";4593;"1.000";"50000.000";"PRO1651";"BSD-IMPLEMENTATION FEES"
"SO213";6261;"1.000";"177600.000";"PRO2074";"TI-SLA"
"SO214";3816;"1.000";"300000.000";"PRO1621";"BSD-TECHNICAL ANALYST"
"SO215";5656;"1.000";"340000.000";"PRO1964";"BSD-J2EE CONSULTANT"
"SO216";8671;"1.000";"250000.000";"PRO2447";"BPS-Oracle System Admin"
"SO217";11263;"1.000";"480000.000";"PRO2848";"ITC-Intellect-ERP"
"SO218";9218;"12.000";"43500.000";"PRO2550";"BPS-SYSTEM ENGINEER"
"SO219";9218;"12.000";"10250.000";"PRO2550";"BPS-SYSTEM ENGINEER"
"SO220";9218;"3.000";"11000.000";"PRO2550";"BPS-SYSTEM ENGINEER"
"SO221";9218;"1.000";"12100.000";"PRO2550";"BPS-SYSTEM ENGINEER"
"SO222";9218;"1.000";"132000.000";"PRO2550";"BPS-SYSTEM ENGINEER"
"SO223";3240;"1.000";"120000.000";"PRO1584";"TI-RESIDENT TAM"
"SO224";5600;"1.000";"10800.000";"PRO1954";"TI-Technical Assistance"
"SO225";11842;"1.000";"9200.000";"PRO2875";"Creative Problem Solving"
"SO226";4960;"1.000";"1200.000";"PRO1742";"24-Port 10/100/1000 Gigabit Switch"
"SO226";2336;"1.000";"160.000";"PRO1455";"Patch Panel 24 port cat 6"
"SO226";11889;"1.000";"420.000";"PRO2877";"6WAY PDU"
"SO227";11987;"1.000";"50000.000";"PRO2897";"Dubai Holding Intranet Portal"
"SO228";6261;"1.000";"42000.000";"PRO2074";"TI-SLA"
"SO229";11998;"1.000";"5700.000";"PRO2898";"HP Printer CP 4025 DN"
"SO231";11965;"2.000";"3260.000";"PRO2890";"HP Elite 7500 MT"
"SO231";11966;"2.000";"690.000";"PRO2891";"RAM Upgrade 16GB"
"SO231";11968;"2.000";"3040.000";"PRO2893";"HP Scanjet Enterprise Flow 5000 s2 Sheet-Feed Scan"
"SO231";11969;"2.000";"690.000";"PRO2894";"MS Office 2013"
"SO232";12016;"1.000";"590.000";"PRO2901";"Blackberry 9320"
"SO233";12017;"1.000";"120.000";"PRO2902";"Wireless Keyboard"
"SO234";6614;"1.000";"33000.000";"PRO2102";"Managed Co-location-Initial Fees"
"SO234";5553;"12.000";"23000.000";"PRO1939";"Managed Co-location"
"SO235";6576;"1.000";"14000.000";"PRO2099";"SCA COMPLIANCY EXTERNAL AUDIT"
"SO235";12046;"1.000";"38000.000";"PRO2908";"SCA MARGINAL TRADING"
"SO236";11844;"16.000";"9200.000";"PRO2876";"Retail Entrepreneurship Program"
"SO237";12103;"1.000";"262650.000";"PRO2912";"BPS-SHAREPT/CRM-ADMIN"
"SO238";12117;"20.000";"60.000";"PRO2916";"Trend Micro-Worry-Free Business Security v9.x,"
"SO238";12117;"5.000";"160.000";"PRO2916";"Trend Micro-Worry-Free Business Security v9.x,"
"SO239";12295;"1.000";"11800.000";"PRO2982";"HP DL360p G8 Server"
"SO239";11105;"1.000";"1700.000";"PRO2841";"27U Rack"
"SO239";7256;"1.000";"1950.000";"PRO2270";"24 port POE Switch"
"SO239";8488;"1.000";"2650.000";"PRO2426";"MS W2008 R2 STD Ed ROK E F I G S SW - 5CAL - media"
"SO240";12317;"2.000";"1980.000";"PRO2985";"DrayTek Vigor2860n [VDSL/ADSL Router Firewall]"
"SO240";12318;"1.000";"175.000";"PRO2986";"Dynamic DNS Service [1 Year Subscription]"
"SO240";12319;"1.000";"2800.000";"PRO2987";"Professional Service Charges"
"SO241";12319;"1.000";"1500.000";"PRO2987";"Professional Service Charges"
"SO242";12454;"10.000";"360.000";"PRO2990";"RMS Recuitment Management System"
"SO243";12448;"8.000";"5023.000";"PRO2988";"Double Take Availability Virtual Edition"
"SO244";12500;"1.000";"7100.000";"PRO3002";"Microsoft Surface Pro 3 - 512GB / Intel i7"
"SO244";12501;"1.000";"5700.000";"PRO3003";"Microsoft Surface Pro 3 - 256GB / Intel i7"
"SO245";12517;"2.000";"6206.000";"PRO3004";"Sony Projector CW275"
